id;physician_id;name;created;modified;created_by;modified_by
1;incentivize neural Iceland;killer EXE navigate;2021-05-27;2021-05-27;16561;25885
2;Music Fish of;e-commerce neutral open-source;2021-05-27;2021-05-27;65500;85298
3;payment Sleek;Central;2021-05-27;2021-05-27;59153;60152
4;bleeding-edge Point;implementation;2021-05-27;2021-05-27;10163;70108
5;Cotton;Silver intermediate quantify;2021-05-27;2021-05-27;85159;65114
6;THX;Soft Avon Buckinghamshire;2021-05-26;2021-05-26;75724;36843
7;generation morph;International;2021-05-26;2021-05-27;18262;74951
8;transmitting Steel;Small New Greens;2021-05-27;2021-05-27;72605;97511
9;backing Towels Branding;navigating magnetic;2021-05-27;2021-05-27;23036;8668
10;program Wooden;deliverables;2021-05-27;2021-05-27;29774;95737
